source_id,region,jurisdiction,government_level,system_name,official_entry_point,access_class,priority_class,state,discovery_basis,notes
BR_COMPRAS_GOV,LATIN_AMERICA_CARIBBEAN,Brazil,FEDERAL,Compras.gov.br open data,https://dadosabertos.compras.gov.br/,OFFICIAL_API_OCDS,P1,DISCOVERED,OFFICIAL_SITE_OR_REGISTRY,
BR_PNCP,LATIN_AMERICA_CARIBBEAN,Brazil,NATIONAL,Portal Nacional de Contratações Públicas,https://pncp.gov.br/,OFFICIAL_API_PORTAL,P1,DISCOVERED,OFFICIAL_SITE_OR_REGISTRY,
AR_COMPRAR,LATIN_AMERICA_CARIBBEAN,Argentina,FEDERAL,COMPR.AR,https://comprar.gob.ar/,OFFICIAL_PORTAL_FEASIBILITY,P2,DISCOVERED,OFFICIAL_SITE_OR_REGISTRY,
CL_MERCADO_PUBLICO,LATIN_AMERICA_CARIBBEAN,Chile,NATIONAL,Mercado Público / ChileCompra,https://api.mercadopublico.cl/,OFFICIAL_API,P2,DISCOVERED,OFFICIAL_SITE_OR_REGISTRY,
CO_SECOP,LATIN_AMERICA_CARIBBEAN,Colombia,NATIONAL,SECOP open data,https://www.datos.gov.co/,OFFICIAL_ODATA_SOCRATA,P2,DISCOVERED,OFFICIAL_SITE_OR_REGISTRY,
DO_DGCP,LATIN_AMERICA_CARIBBEAN,Dominican Republic,NATIONAL,DGCP Portal Transaccional,https://www.dgcp.gob.do/,OFFICIAL_OCDS_BULK,P2,DISCOVERED,OFFICIAL_SITE_OR_REGISTRY,
EC_SERCOP,LATIN_AMERICA_CARIBBEAN,Ecuador,NATIONAL,SERCOP open procurement data,https://datosabiertos.compraspublicas.gob.ec/,OFFICIAL_OCDS_BULK,P2,DISCOVERED,OFFICIAL_SITE_OR_REGISTRY,
IDB_PROCUREMENT,LATIN_AMERICA_CARIBBEAN,Inter-American Development Bank member operations,MULTILATERAL,IDB Procurement,https://www.iadb.org/en/how-we-can-work-together/procurement,OFFICIAL_PORTAL_FEASIBILITY,P2,DISCOVERED,OFFICIAL_SITE_OR_REGISTRY,
PY_DNCP,LATIN_AMERICA_CARIBBEAN,Paraguay,NATIONAL,DNCP / SICP,https://www.contrataciones.gov.py/,OFFICIAL_API_OCDS,P2,DISCOVERED,OFFICIAL_SITE_OR_REGISTRY,
PE_OECE_OPEN_CONTRACTING,LATIN_AMERICA_CARIBBEAN,Peru,NATIONAL,OECE Open Contracting / SEACE,https://contratacionesabiertas.oece.gob.pe/,OFFICIAL_OCDS_BULK,P2,DISCOVERED,OFFICIAL_SITE_OR_REGISTRY,
UY_ARCE,LATIN_AMERICA_CARIBBEAN,Uruguay,NATIONAL,Agencia Reguladora de Compras Estatales,https://www.comprasestatales.gub.uy/,OFFICIAL_OPEN_DATA_PORTAL,P2,DISCOVERED,OFFICIAL_SITE_OR_REGISTRY,
BO_SICOES,LATIN_AMERICA_CARIBBEAN,Bolivia,NATIONAL,SICOES,https://www.sicoes.gob.bo/,OFFICIAL_PORTAL_OCDS_HISTORY,P3,DISCOVERED,OFFICIAL_SITE_OR_REGISTRY,
CR_SICOP,LATIN_AMERICA_CARIBBEAN,Costa Rica,NATIONAL,SICOP,https://www.sicop.go.cr/,OFFICIAL_PORTAL_FEASIBILITY,P3,DISCOVERED,OFFICIAL_SITE_OR_REGISTRY,
SV_COMPRASAL,LATIN_AMERICA_CARIBBEAN,El Salvador,NATIONAL,COMPRASAL,https://www.comprasal.gob.sv/,OFFICIAL_PORTAL_FEASIBILITY,P3,DISCOVERED,OFFICIAL_SITE_OR_REGISTRY,
GT_GUATECOMPRAS,LATIN_AMERICA_CARIBBEAN,Guatemala,NATIONAL,GUATECOMPRAS,https://www.guatecompras.gt/,OFFICIAL_PORTAL_FEASIBILITY,P3,DISCOVERED,OFFICIAL_SITE_OR_REGISTRY,
HN_HONDUCOMPRAS,LATIN_AMERICA_CARIBBEAN,Honduras,NATIONAL,HonduCompras,https://www.honducompras.gob.hn/,OFFICIAL_PORTAL_FEASIBILITY,P3,DISCOVERED,OFFICIAL_SITE_OR_REGISTRY,
JM_GOJEP,LATIN_AMERICA_CARIBBEAN,Jamaica,NATIONAL,Government of Jamaica Electronic Procurement,https://www.gojep.gov.jm/,OFFICIAL_PORTAL_FEASIBILITY,P3,DISCOVERED,OFFICIAL_SITE_OR_REGISTRY,
AR_MENDOZA_OCDS,LATIN_AMERICA_CARIBBEAN,Mendoza,SUBNATIONAL,Mendoza open procurement data,https://datosabiertos-compras.mendoza.gov.ar/,OFFICIAL_OCDS_BULK,P3,DISCOVERED,OFFICIAL_SITE_OR_REGISTRY,
PA_PANAMACOMPRA,LATIN_AMERICA_CARIBBEAN,Panama,NATIONAL,Panamá Compra,https://www.panamacompra.gob.pa/,OFFICIAL_PORTAL_OCDS_HISTORY,P3,DISCOVERED,OFFICIAL_SITE_OR_REGISTRY,
PE_PERU_COMPRAS,LATIN_AMERICA_CARIBBEAN,Peru,NATIONAL,Perú Compras framework orders,https://www.gob.pe/perucompras,OFFICIAL_OCDS_OR_BULK,P3,DISCOVERED,OFFICIAL_SITE_OR_REGISTRY,
AR_BUENOS_AIRES_BAC,LATIN_AMERICA_CARIBBEAN,Buenos Aires City,MUNICIPAL,Buenos Aires Compras,https://www.buenosairescompras.gob.ar/,OFFICIAL_PORTAL_OCDS_HISTORY,P4,DISCOVERED,OFFICIAL_SITE_OR_REGISTRY,
TT_ETENDER,LATIN_AMERICA_CARIBBEAN,Trinidad and Tobago,NATIONAL,e-Tendering / Procurement Depository,https://oprtt.org/,OFFICIAL_IDENTITY_TO_VERIFY,P4,DISCOVERED,OFFICIAL_SITE_OR_REGISTRY,
